checksum_match,date,interval,expected_checksum,actual_checksum,file_size,line_count,unique_timestamps,first_timestamp,last_timestamp,http_status,last_modified,etag,server,content_type,content_length,x_cache,x_amz_cf_id
0,2023-04-08,1s,1a5c3ac227d7c68ccdb6b0b61921991a2c0840f0d3a6970a54849b3e422174b6,39470132e13ddb4289d4a00d971fbff13582995cecb2f1b773ffd34e766d7965,2363903,86400,86400,1680912000000,1680998399000,200,Thu, 13 Apr 2023 10:23:53 GMT,58c86b22ec63d83509705705586206b8,AmazonS3,application/zip,2363903,Miss from cloudfront,LXl8GAidTobb_iIpwXIjLXeYlLtfPx_7cxnuM0g-YverZmo6-WRcVw==
0,2023-04-07,1s,01a45b521ec2c4b8f7baf2608dde7475fa295c6c954729659601ef6db6be0082,e8a81174b87b1dcbac31d5b2f674123afca764f32c40919c2403c713c9df1c38,2345149,86400,86400,1680825600000,1680911999000,200,Thu, 13 Apr 2023 10:23:22 GMT,1e567c2772a1b9ba9c6b15d70eeed3ae,AmazonS3,application/zip,2345149,Miss from cloudfront,sPks-_lhGj3etKQNpULkFZc3FNt3bQsmCgZ7ZWosVZTWmpQby24HdQ==
0,2023-04-06,1s,eb405a7d253431c318a7e007d1fccb917027598100cb5cbf63b3106df29cfa29,f60297a74f14eb5ebfcc932069e8cbc7b43ebb95555d562d7926c8f48016b6a8,2558124,86400,86400,1680739200000,1680825599000,200,Thu, 13 Apr 2023 10:23:49 GMT,26af24bba538dffbd414691b115e987f,AmazonS3,application/zip,2558124,Miss from cloudfront,ldFkJiarJA0sen2PiVIL4lPmBCHhAxklCDSj7SosURNGuJxZfSXU1g==
0,2023-04-05,1s,709641b4e0190eab0fc6bcb8a8a9ca1e088ee3ceaf3da7eb26efcb03cfd4c884,5a6041d9c4315831560890fab48d617e6528aa3e07d9526e6926ee74acb56c70,2706006,86400,86400,1680652800000,1680739199000,200,Thu, 13 Apr 2023 10:24:52 GMT,0bdcb2e20165eadd4b3b169d79462e94,AmazonS3,application/zip,2706006,Miss from cloudfront,io9CVsD-kMb7D9C4fO7mXyh2ME0UuQJ2bq-i39ViHdUt2VqOli7ALA==
0,2023-04-04,1s,4031736c806d30866e92f2d471c590456bc862526c467f92df8fec705d74e5a4,639dea709bfe31e428a2aa49cde697d8ead5375b19e7806d966b938fadff858e,2659221,86400,86400,1680566400000,1680652799000,200,Thu, 13 Apr 2023 10:25:56 GMT,e7210dc84e72cc40160007420fd73189,AmazonS3,application/zip,2659221,Miss from cloudfront,y1oKWHc66JykLEmprdNoN6vTiPQqZ1tOk7LTZvfz5uaCU7vHJBcOTg==
0,2023-04-03,1s,58e4fefd6ceddfcc26c261ee8595e88914aeb23bf013f777d6cad39630ebd3e5,eee394f13a7f15390635f7d1ada699f34c7dd2a88d69917b6b548ec2853e9d63,2854453,86400,86400,1680480000000,1680566399000,200,Thu, 13 Apr 2023 10:25:54 GMT,7dc151ddb10049f5720c9f0f96f46a02,AmazonS3,application/zip,2854453,Miss from cloudfront,8-bPQuTXn_JK_7h3eWIt85zWIlfGZZxOUtgfZuYmmk03FvtNzRVW5Q==
0,2023-04-02,1s,0695d4e338d0b99dbb7554b973b130d048d060ecf5f6b198514c790c5d0c9c70,b5c79848c5c1e66f1d80c8d36231317417c5e8941990648d6c446f732497d7a8,2494636,86400,86400,1680393600000,1680479999000,200,Thu, 13 Apr 2023 10:24:58 GMT,d1f985e2553d8289f119dcf7a60d1304,AmazonS3,application/zip,2494636,Miss from cloudfront,quqiXGpoEUXJpWWamuhv2hfAP4r2YXovBLBF-Sh0c17oCAmdxHSVOw==
0,2023-04-01,1s,39c87ad95acd7f77b6d0bd22cc19efff2ee3b99b26344cc88b1877606d75e615,01fd19aefc2032614cd62ad9f9db8f99a5c84547a34f1cddd3c1afa086c776b7,2484890,86400,86400,1680307200000,1680393599000,200,Thu, 13 Apr 2023 10:23:47 GMT,00b5ed779398ed993de9f73e74419e1e,AmazonS3,application/zip,2484890,Miss from cloudfront,IYfaOQ9VWCgyiYmo-L6VGBSdv9zzBas7G3dWDUpGcYeQkJMRQPD-3w==
0,2023-03-31,1s,fb624cc014d304c4414a31e529fbcfc0ba90db89baa26fe88e36dd9feee1cff3,949ba68e06b2f91c2524dc3525fb5cf305bb616fec4db8a74be3106d3170c54b,2789856,86400,86400,1680220800000,1680307199000,200,Thu, 13 Apr 2023 10:24:00 GMT,1ddd79a2a26524f49a6f84706c2d268e,AmazonS3,application/zip,2789856,Miss from cloudfront,jV2n7SHr3W5RCj4_CY1GRVUExjWG8eftSl9Av6mZ-8s3P2msSqm5gw==
0,2023-03-30,1s,b65a283628249bb0604b95c165499b1588e0497dff6109cc5f8bf1c9790ad87c,83c495a9d744a407ed0e455a33516de15dba6cf4e25edafd82ed7f0a5b24a5d9,2868716,86400,86400,1680134400000,1680220799000,200,Thu, 13 Apr 2023 10:23:17 GMT,2b6a0a626f37ca0f792f58aea9887195,AmazonS3,application/zip,2868716,Miss from cloudfront,Et2Xxlez4gqSZ4308lQWBq1hGZpw4LDWrlXuRrv37AGnNrwHubB_-A==
0,2023-03-29,1s,e4b6b7a1f6a0d6b815b5998615b001bf53a401d343962ccbd912bdbfd17c9397,231f9dc20a5ab01ec627e60703e529583de2f3caec3f2b895e541a1765b95b9c,2799708,86400,86400,1680048000000,1680134399000,200,Thu, 13 Apr 2023 10:24:11 GMT,bfb691fcd5e60f45ccc9cc2c5969d31a,AmazonS3,application/zip,2799708,Miss from cloudfront,OH7jYNziuGWjk48TsTCBBN1Iu4StQYnoRLQ0fI4U7CvMWqFKDpyt2A==
0,2023-03-28,1s,13adc94ccee675e05f2b913addc6cfac440c884a0194fa5fe39965321d36fc0d,7b29fd812937041a02677f5975eff56d44a927c3f5cb15b46f026c5d7730b1ef,2757592,86400,86400,1679961600000,1680047999000,200,Thu, 13 Apr 2023 10:23:39 GMT,f2732cba19d027db56acc2cb93558277,AmazonS3,application/zip,2757592,Miss from cloudfront,a2cJSOL5cafP-sTemczOeJRlo5MSPl4JM-7sixj4dJMZeOvMGT0TAA==
0,2023-03-27,1s,3209b67a1658bca766abf53e81f9794b3465e2b41a8b800d3773b82c992a0428,ff4962cec1519d32dfb303d06187ee8c2ad66866d5990a44cfce92bba7f106b9,2729872,86400,86400,1679875200000,1679961599000,200,Thu, 13 Apr 2023 10:24:14 GMT,9dfaa0cfa2fca2a268de2f889184a294,AmazonS3,application/zip,2729872,Miss from cloudfront,gF50rNacvmZC7_6afGBWf2NTa51W2HSVi9pTuTCr9jJ69GNeZo4o1w==
0,2023-03-23,1s,b975a3b6c6a821d2c1406610f2591b2173e6418e65b9a25eacf526871f6f8179,a8efde695f1d78f3dcc2d547bfe3f5244d5868ef1d1b2252fe498f95b6f1c07c,2938959,86400,86400,1679529600000,1679615999000,200,Thu, 13 Apr 2023 10:24:36 GMT,5bbaeeaff0aecaf740d826cca3ef2d51,AmazonS3,application/zip,2938959,Miss from cloudfront,EcfrI3oTTbwy-7W5wlip6tnqYJ7i0gu7aV0B3tkyZbfB3XZF5uOGoA==
0,2023-03-22,1s,2d1cbf70a28a41dd74fe6a9e105e6903023c2b125e19e3995c577b4f0bab1f53,5572e2b644f6090b8fca26480d484285d5aeaaec0001ff9a17a3c3b4cb140e5e,3196132,86400,86400,1679443200000,1679529599000,200,Thu, 13 Apr 2023 10:25:29 GMT,e5f1a954072fbddedaccb965a6fe0026,AmazonS3,application/zip,3196132,Miss from cloudfront,0EgRJtgRoOTl3nD65P_DrSCHmnjBaPoaMSdhjnnai7zLwG2k_Y-DRw==
0,2023-03-20,1s,93e99315948354ce38c9ae966581786d7942e5cfb3a6a2427c99531aeb736737,11a37de8831cbbd4cbd100fe3a14c331ba389d9326052f2750ddc7202c2986dd,3947141,86400,86400,1679270400000,1679356799000,200,Thu, 13 Apr 2023 10:24:17 GMT,93fa0f0b15a7b887b198357f6d2a68b4,AmazonS3,application/zip,3947141,Miss from cloudfront,Wg6R2sFdx4prBZpkadqMChdoeBVxH91DvjHW-HE0cS3jmyUHNOPDUA==
0,2023-03-19,1s,c7af0cca40e101ba7b039c1a67b992087645518f44fc763ce39e4434faa12b9b,bcad4b4357d07846233f5a09831c9921eda9b12253d70e247a2d02226c221446,3856386,86400,86400,1679184000000,1679270399000,200,Thu, 13 Apr 2023 10:25:20 GMT,aa28ae87ddfeecc467d337099111fb7d,AmazonS3,application/zip,3856386,Miss from cloudfront,DbkfrvxBS_-MvdJhFTPDvsLlEQgR3_-Bel7T0AGnz00ekK7VPZwAnQ==
0,2023-03-18,1s,f1571c0bfa9b784fc32b83dbf1a05c6e0adb00f03602b53083bf7c6fb45c26e9,191be7d88148e29954a564efe49d4288f3dfb5265620e269f17662d937b1253f,3875945,86400,86400,1679097600000,1679183999000,200,Thu, 13 Apr 2023 10:24:47 GMT,e362955e30be3c8cb7e3739b44a66d3b,AmazonS3,application/zip,3875945,Miss from cloudfront,cbIIT1-aX_-oZTS4vj_hmIiR4swpUy7TF__qAJ5Sd1huQyFk2g_qXg==
0,2023-03-17,1s,d80f28b3b730cd6016c09f66ed5eb3074a0d12919980212472055938e3796c75,10bc481da0c3875e8fa33c577bea63bb71c2f7ac04d6a40e758260ac3b44d9f6,3971601,86400,86400,1679011200000,1679097599000,200,Thu, 13 Apr 2023 10:25:22 GMT,645a373d96d2359c6cccd9ea74e834c4,AmazonS3,application/zip,3971601,Miss from cloudfront,a_eWmnFBGt4tqNeZ95Uw78H30AKkYMFJTT7qom4zBCqCsinYu-m9ug==
0,2023-03-16,1s,bc261f23a8e04731ea3036e88c119609b05eeb585776370d56a70ee9dccd9351,2c79f8af0336416a1e127eee6e53d8f2b07d2494c29202c5042d178b2cf3fd88,3896775,86400,86400,1678924800000,1679011199000,200,Thu, 13 Apr 2023 10:24:43 GMT,8687d97e69a737ced97c0b197f141bca,AmazonS3,application/zip,3896775,Miss from cloudfront,2rs8so0AZNG-vjuzj-L3kkGtae8XIbofbY4UPanmq3DYlsXyUGe8dA==
0,2023-03-15,1s,9cddf774db009daa3d1da1a3cfd80ccbd532e0ddd4c472b587348ab8cd0ef77a,b80dd774d06b671ccbb28532a263c4900c95a97667f0b9354be0a65094375742,3951779,86400,86400,1678838400000,1678924799000,200,Thu, 13 Apr 2023 10:24:22 GMT,46dd7b27b52bef77c60f65c9dd4cf8d4,AmazonS3,application/zip,3951779,Miss from cloudfront,4-feMGfsY7nOtKb6Sg4ydD3OIpyrGlK5tBDTZmbDsU2ypcBUNzJJNg==
0,2023-03-14,1s,58ea4a9f3c3d4bd6f0a4945e10b630d372f242c50b29c611d48f00bd53e61ff4,354f0c3f87eed762c7411df1a62e22bf547d6ec821e9c26e8a678d8307e1b408,3977426,86400,86400,1678752000000,1678838399000,200,Thu, 13 Apr 2023 10:23:37 GMT,2b2de7d313278104c857cf70da4bab2c,AmazonS3,application/zip,3977426,Miss from cloudfront,1-k6AXafXhf9subuqA_jvDuYqYIkrSj29N9StSxmwzCAGnQX2aqkLg==
0,2023-03-13,1s,2d9470a077f548af59bc0d3c98eb07cfb8066b0dd368e3c90842251d9e1548e6,aa455537c6d125644dfbecf6cdb31c1c524199d5d9c19d9dc15edd22e50ece54,3964296,86400,86400,1678665600000,1678751999000,200,Thu, 13 Apr 2023 10:23:34 GMT,e6b1ed6fb605ed808fab88cde4609cff,AmazonS3,application/zip,3964296,Miss from cloudfront,G_nzABDEJlkbsDvfPMHccU-J79oo2A_idJiBdohEzK4H7SXWGZBtqg==
0,2023-03-12,1s,b0718a31044a0759b65d7849b4f9406ca48d550edb9378ea8a349feaddfbe03f,d71a09508c28535d97eb7d214a996a978013d20a73969ee5ece72414d8dcc3fa,3804439,86400,86400,1678579200000,1678665599000,200,Thu, 13 Apr 2023 10:24:23 GMT,a2e7325b9f5fd0e041527b29b696256c,AmazonS3,application/zip,3804439,Miss from cloudfront,QUT4Kf1JhU5yl28vGIvr2eoR-cH9lWKohF687DAVx4EPaSd7zPGLJg==
0,2023-03-11,1s,bb2a374ff89f9d5bb4a68826882836e80ba1e1444bc8f2291374e4dd4fe7ff9a,f9468f3f03cce70772fcd11ad9fd6e0d07d843e93fa18d7ba916db97cc522cf3,3848836,86400,86400,1678492800000,1678579199000,200,Thu, 13 Apr 2023 10:24:41 GMT,8edd877da2c2a6c9c9681b7c96c772e8,AmazonS3,application/zip,3848836,Miss from cloudfront,QXC4aG8jTpbn8xElEe9zNYfYrdkSnPC_FT2ZmQGz1xbFAt12JmfKSw==
0,2023-03-10,1s,98180fda0b00ef5ebc56c9d180610b00516855cf1f6c62029705d2ba922cdc02,eeacc24a5567d2715635ce31ee9a30eba5829980ac6bc3a57840e91ddb76b6a7,3909344,86400,86400,1678406400000,1678492799000,200,Thu, 13 Apr 2023 10:25:23 GMT,45df07513a3c9de530de9c8dc5554751,AmazonS3,application/zip,3909344,Miss from cloudfront,SVZlNpttoMawzCIY5KSzD30B02l6UJNjZhi6_Ho7Kgdn-hiJw_QNww==
0,2023-03-09,1s,5f2e5786774ae7329dc60b5962840c52efa421292b801e2a148187fb464e2d84,c1246b89942d42a95b0944dc5b7b0036787b0e132c6f01f6d1d8c7d6c5dcd238,3804997,86400,86400,1678320000000,1678406399000,200,Thu, 13 Apr 2023 10:24:58 GMT,5a0eaf8d0122354a863ef9efda2f8e12,AmazonS3,application/zip,3804997,Miss from cloudfront,Cd2jXm8b1PNXxLTIZ4buDuUoKdXJlaSoj8Q-m8wjp4dx513Z6_bPxA==
0,2023-03-08,1s,6ae924e47ecd8f81502e7e916996b498891df13436b5ffec7bf22a00380d28f9,6cade5c425927c000a5ec711e09c87efc5ccadd59f02ce5d93580880fcfe2f14,3746285,86400,86400,1678233600000,1678319999000,200,Thu, 13 Apr 2023 10:25:55 GMT,3c9c44525bdbcdf86dafcf6c863a1dff,AmazonS3,application/zip,3746285,Miss from cloudfront,8Y_ZSuK3WGgPfPvSUDTSOwx-iLdPyYciRWIuuKaYp852msUCpw3P3Q==
0,2023-03-04,1s,7a103e300cbe94578cfdb8131c0ddcdfad3d51d2a80a5eb093e31baed250216e,60667e02e2f231ffd0abd0a04eaaaf5c9ac94c97860bb2cc6cf3c2c546615ec8,3516655,86400,86400,1677888000000,1677974399000,200,Thu, 13 Apr 2023 10:23:56 GMT,e95034489850d66105e4c2bfa66f3d30,AmazonS3,application/zip,3516655,Miss from cloudfront,NN2FooZTwQOLzh9pQ1mJZXFDjuhWf_UcJgWcFRuhi3s6nQV7k4L-jA==
0,2023-03-03,1s,1e6dcf7a2e4f2c71003fc04b7a6485ec48d363c275baf1424de40c20691c80cf,9f526c3b35a3a02b93198eebfde0a3f382cba1afa20bb0fc7481b8f12269a010,3745812,86400,86400,1677801600000,1677887999000,200,Thu, 13 Apr 2023 10:23:53 GMT,ee7bd06f188dab030750e87fc2b4d03e,AmazonS3,application/zip,3745812,Miss from cloudfront,9cMjzW1DBuW84CJTGSZ09M2z8R917-VgQowM3laP66WsM2rHiMqyWA==
0,2023-03-02,1s,a24516eca6254de010d9f9ba23a68ec94bc1de97301dbf2ce451c9fe621ef3c1,4cce35b8fc3e2d1e4d75b32fc3a77856598e616c62058eae9ece0419113e967a,3735392,86400,86400,1677715200000,1677801599000,200,Thu, 13 Apr 2023 10:23:21 GMT,d06d2a870ad762316648e7cfe8e8e363,AmazonS3,application/zip,3735392,Miss from cloudfront,8QEN2i8qaTHDGnxlHZNUhg8KyMq7h6CfSooxGNI3q2Sag_zfEn4Xlw==
0,2023-03-01,1s,7189a003dc75c000a096f722aba29432cecacf5d8c7a123eb9e781a7bc3df8dd,29dcba69267f20afd7c180f6170891a83cbaf997b97a52b172368e0dac0567b1,3799627,86400,86400,1677628800000,1677715199000,200,Thu, 13 Apr 2023 10:25:47 GMT,24c30883737ea176b84470971929b704,AmazonS3,application/zip,3799627,Miss from cloudfront,N2XO0aR59UPnCBft7ZtAZnFF3SOrJhn711CqeX74z88we6E_djOSew==
0,2023-02-27,1s,2eaa6f39afac9ae800e743440a216a409ee9cd800d563bfcb41974fc2a9e8cfa,ec5640005adaec5c40cb447e44e142c32d3ef76d312e24f73609523ea31a9518,3779721,86400,86400,1677456000000,1677542399000,200,Thu, 13 Apr 2023 10:25:06 GMT,8db2f2d12322a10d7ebd7a54224a76ff,AmazonS3,application/zip,3779721,Miss from cloudfront,fOFHxQnRun2Z5Hc0sBKZVC8OPop_dbN7dS-vwd2zgnU4up2mBOOvmg==
0,2023-02-26,1s,ecdd6b0b35e14bb82f8e9819cf2ca5ae9f60588ce48dd4b2a6eec026f33151d3,e40be8523a739eab72268356e3e9a36b3a2b5e36351744519a0fb533c4911afc,3685462,86400,86400,1677369600000,1677455999000,200,Thu, 13 Apr 2023 10:25:46 GMT,a2c40a189e15727b5e158616b4774f30,AmazonS3,application/zip,3685462,Miss from cloudfront,iGNbX03Lu2nplfENAzMvudB7tY5f1DWrifVYrYX-xo7StYIwBQAgIw==
0,2023-02-25,1s,f1a20034159dd69af3562dca81cca20667551097db21bbd94b5168f4f0791e82,958fe68299c02d20ff4cd4af17d6290ef20a7865647b3adcd068cdf6a2b14783,3685287,86400,86400,1677283200000,1677369599000,200,Thu, 13 Apr 2023 10:23:13 GMT,2d51ff2420fea1306dd0d28ccbb26c84,AmazonS3,application/zip,3685287,Miss from cloudfront,nM6OgeRJ2xtNTP_GKmo5q0RSc16qq_D8-MNGP6E2nV02NMxJIiCvkw==
0,2023-02-24,1s,bcc3f349515c67a8a719962103d5a18341c7b74f1c3ff3655d8756a2eb8345de,19539d6580fbc950f0babd23752c0b051d9be89dab0cc8d7980887bce5285c2d,3820955,86400,86400,1677196800000,1677283199000,200,Thu, 13 Apr 2023 10:24:02 GMT,39feca4c069bc2c9a8589cf1c1cadb0e,AmazonS3,application/zip,3820955,Miss from cloudfront,QqzEe0BCiKoXTKbCP2U8ZOQZrH7oXVSjdy7m-lDU774MWhPnxTkSeQ==
0,2023-02-23,1s,3ea076126e62d4156f99cbcd842e4ae59c8f72aedab8fc8296aa8b8bb70784b0,f3717197135c15f1e7969df9357c1aad809fab71c77f0ecc054fe1eeccddef19,3857644,86400,86400,1677110400000,1677196799000,200,Thu, 13 Apr 2023 10:23:58 GMT,c0191f68008440845973aafd5888522b,AmazonS3,application/zip,3857644,Miss from cloudfront,nLQRAVKNqH6DbMdy2ZBT80efhuL8BUs1ThdYy_yKvtaWrI_KCVJWUw==
0,2023-02-22,1s,5c695bf8ef8ff0eecebfad4906042abd039df58d6ad88055a26308890376266e,fa70d33a093d572dfbe6ba8c147c67ae6961c4203c6a7d33302ca45ba560b265,3873807,86400,86400,1677024000000,1677110399000,200,Thu, 13 Apr 2023 10:23:14 GMT,0ba26b4aa4884e4dc9f552f9c184c51a,AmazonS3,application/zip,3873807,Miss from cloudfront,T5mAA3KVDEuY7tCyDL9NwZGZ66YbLTn-JLn7dm-MJaK2N6yWBNRcTA==
0,2023-02-21,1s,b4a39814176613dced160b76a976bb19ebca073d8e3892c757547a340d006bf5,0b78c2bb553d7a4bbf82fdd5cd664dd4e5e1769bb888778b05a390f1187ce41f,3861587,86400,86400,1676937600000,1677023999000,200,Thu, 13 Apr 2023 10:25:42 GMT,a80e50185f43941707da22851f6744c7,AmazonS3,application/zip,3861587,Miss from cloudfront,2BdLkZ02J6Nzvt7mECF5QXQDu7CSZHHsqoPAywTU5NcGseYD-IZogw==
0,2023-02-20,1s,add75f5a4648128f062c0b57285b30eee5ce5b0b2395d683b7a92dff6ef79ab0,9a51910edc52176c9b5d111ee596b2e04e5af33a2e2624394581873d77f6cb42,3832261,86400,86400,1676851200000,1676937599000,200,Thu, 13 Apr 2023 10:25:07 GMT,589efce24e2f34316b6da79cd580e24a,AmazonS3,application/zip,3832261,Miss from cloudfront,JSlgf6kV1vzOf4K2cKor7pnt9VqvISeNLbdPWWtfOL5gGYHwPGj--w==
0,2023-02-19,1s,fe3791d5e9dc394b3e1831feadfca5c6991205772ea92608ff6f9b135500eede,8476e774aacca7b224731471e2055cda9fef4a25cad0c8c88381f217f72fd941,3739196,86400,86400,1676764800000,1676851199000,200,Thu, 13 Apr 2023 10:23:25 GMT,fdd1a5232bd8507172a5bb1dbf30b327,AmazonS3,application/zip,3739196,Miss from cloudfront,RFBryriUp2PPBy6LfBzv_FlS4yC1pbOChj3_8CDSHIUJJwV4cA4ifA==
0,2023-02-18,1s,d5a8454fa7e892e96ba93bee58103df705c18aca57197741cd0db57d566ad90e,29e23bac1e1423cbf2e7d04dada714f817f6b57f8d3887961712b0e16ef974de,3706044,86400,86400,1676678400000,1676764799000,200,Thu, 13 Apr 2023 10:23:45 GMT,b9b5e4a09891ea898cd9a052cd0adf6d,AmazonS3,application/zip,3706044,Miss from cloudfront,zkKHpQtd8s6KkIcbofbzrMQp_nk9AqD_zWPSlcnBvd8Q8QJvfMZcSg==
0,2023-02-17,1s,f55ae4a5c236a3486709f385e2ddf67a68599cbb3aeca36bd2d3fa90519b9d43,6e2eba2d8cf581dcb0a82448cf31942c0814922b59ff9f15d2cb833816e5f5bf,3879312,86400,86400,1676592000000,1676678399000,200,Thu, 13 Apr 2023 10:23:19 GMT,5691135704840aaf088aa5d9dedc468b,AmazonS3,application/zip,3879312,Miss from cloudfront,9e1f_qSTxgCh4Nq9jXpQQUQPj6ArGScnLQ50m3d0zkzRJqlZ1fUhfg==
0,2023-02-16,1s,f4644b1938e3472bb031e3a6d7414d2b48d7fbe033668d366664228d46a1b26f,a661ceada8e93b7558e22f36fb879de8400a22460c9347904ad4614eb7f5a4f7,3866165,86400,86400,1676505600000,1676591999000,200,Thu, 13 Apr 2023 10:23:55 GMT,09473776f90c1e7193cd4dc49417dd07,AmazonS3,application/zip,3866165,Miss from cloudfront,L60W6GmO82W34tnkiemDTwmU2esmc7eHZ8Blyj5TehlI77QwVnd5uw==
0,2023-02-15,1s,bd6cf84949ab0156af00ffa27d371a0b0b24f04601da56b3ea7592bf5d34f8d2,88fd26022c0664354a252c639e75b99873c984b6a024439863cf33335264042d,3762169,86400,86400,1676419200000,1676505599000,200,Thu, 13 Apr 2023 10:24:59 GMT,374bb5962ec78ee3d82e8e18cedb0975,AmazonS3,application/zip,3762169,Miss from cloudfront,R2WNg9rg3PAom6ZSVxqNtjxnw4thYzSRSVYIY-Mki_peCI32Z8BBmA==
0,2023-02-14,1s,2c05220e616663c09845d2ca93ab0bc31c1184add234dedea8cdfa3432202c97,5be95ce691b93c927139d8c355b8ec5b679c01f9680c7c349da5e379d8da8346,3715473,86400,86400,1676332800000,1676419199000,200,Thu, 13 Apr 2023 10:25:50 GMT,4f886197a9a7f7080e051a71939c2100,AmazonS3,application/zip,3715473,Miss from cloudfront,UYr7XcI0fsGIDueOGSZrDYlZtsNqBqBLuuxHUJEgckt1SU9zoVXOxw==
0,2023-01-30,1s,d2100f1ecb4ebe39983c14c9e5a18b1855dc2ee3d4d09298621fe21bab611251,a91b4e6c93c53547cf07f80f236f6db55a6117546cdf6bb90bd87c815ac7f9ce,3782572,86400,86400,1675036800000,1675123199000,200,Thu, 13 Apr 2023 10:23:33 GMT,4a63995d44168ba982b4094658839eee,AmazonS3,application/zip,3782572,Miss from cloudfront,55GhyrfvV1WJfED9ebL1mAxIJTuRHBlaCyY-Pr16IR1L4xyc5vw8_A==
0,2023-01-29,1s,afc3cbd3c06625010d7fa20a21a6230cc67010763edcaea58db562db21dcf830,53e96262166fe398cf1304d58fe7728c2e11e4bc5918f877d4ee0d9a2f1837a1,3734995,86400,86400,1674950400000,1675036799000,200,Thu, 13 Apr 2023 10:23:48 GMT,0ffecb4813161e402d8db04cc241043d,AmazonS3,application/zip,3734995,Miss from cloudfront,PBdVHcMUoUyQQl2ke03Cw4vTJva5I5Nn1PPc1ONH115KWDG4zT2Mew==
0,2023-01-28,1s,96cfa6747a0f1f30956a6cbfb6c995fb7e6d92ae13aa2504df2194203090d9c0,e2fc66922f3e4df07ce1a124297f4b9da2338ae631c2db0e3b067ea05e11dd54,3576881,86400,86400,1674864000000,1674950399000,200,Thu, 13 Apr 2023 10:23:27 GMT,9bc698d635231583391e3d658bdcdd05,AmazonS3,application/zip,3576881,Miss from cloudfront,Qa7oAev9z_WuvvfxNPGQaXfW_vNRcE87cGa28TlrO_geJZGUQIm0qg==
0,2023-01-27,1s,7e3b08082007ff3e9132591a0d181b5a05e194a47de1a282d973b07b490ed620,6747da65e12f9837062b767a47a0e07c0c1497368a5c049c871a2d069cbf883a,3749317,86400,86400,1674777600000,1674863999000,200,Thu, 13 Apr 2023 10:23:57 GMT,a2cb355aad8c57542b4adac09f6ee17c,AmazonS3,application/zip,3749317,Miss from cloudfront,xA6FlLA0a89tqOpZb1lVO4NVf2s5mblnoB36CrfS02jGsmK4S_EFng==
0,2023-01-26,1s,a9bb48c8a453388a91dcb75bb4c1c9cefb8e80605213fcf5e81426c7d4ea545a,1a83e36918b7ec33bedd3fbbc0999bb34131d4de4016bd434aee56f96aafd8d5,3771660,86400,86400,1674691200000,1674777599000,200,Thu, 13 Apr 2023 10:23:20 GMT,919503af651c0a735358c26ac53a308e,AmazonS3,application/zip,3771660,Miss from cloudfront,QHNa0LdioGCA8pyPfwjNbhyYAycuEClFGzWq7ar6NnUTbPgyKmhH0Q==
0,2023-01-25,1s,21edffa65336c6038a111007a5e7f312a5c3a978004e6d853dea02c0a6ec2451,90e173753a21c726530ccc7e1e76de81e16f585923b12994b6f59367d05af032,3797617,86400,86400,1674604800000,1674691199000,200,Thu, 13 Apr 2023 10:25:52 GMT,4b79e3445fa73b94611b553d0a2845c2,AmazonS3,application/zip,3797617,Miss from cloudfront,hqeE0Ee3OYY00RiE8rPyV14lpHmGi1O3UBJ9qsQwzpaRcCN4Ls98cQ==
0,2023-01-24,1s,52450fadbb04ade97de164e2d53f1417983ddb84f6114365f5034e96a561d4fe,271efbefe77df520f827a0a0c274da41bdbbb59a65e27f1a5160da199b5c9b85,3776897,86400,86400,1674518400000,1674604799000,200,Thu, 13 Apr 2023 10:25:01 GMT,e522f9c19f6fad019d110cffbc3652d3,AmazonS3,application/zip,3776897,Miss from cloudfront,kgb7D_fAaV3MCCMMLT_TooOVvwIrNNwNjD1o7tsbFPIpP6st-wJNlg==
0,2023-01-23,1s,577dffffe6a5853df87f5b75b3486e1a7097c5fc76c1d12dfb825c876e143c43,4069c5fd357386ded2d2c850a0482b0bd84b10cbdfd8bb533420fc407ca11194,3770538,86400,86400,1674432000000,1674518399000,200,Thu, 13 Apr 2023 10:25:02 GMT,4ab2b1877cefcb5533897da71448c470,AmazonS3,application/zip,3770538,Miss from cloudfront,7P9vKXaHScNnmAz9J9_r5QmRMzjUUgDcWJyJv-cEjMqMaJH1vHUlqw==
0,2023-01-22,1s,c64a02f4b3e52771df73db02df72dc6b7c44a57a6a78a75bd1de4b8230abda21,bb9704c8c5f3b416bf75de6e20e4f27ca2628d9f3f34ea433138592736441daa,3733009,86400,86400,1674345600000,1674431999000,200,Thu, 13 Apr 2023 10:25:49 GMT,5db4596a14dc4775da8494e57f1d6c9b,AmazonS3,application/zip,3733009,Miss from cloudfront,ufa8uIa1vuPTcJpF7v7yMWv3xL6FqUPvnM_yp_VJSa08EIGq9dY1GA==
0,2023-01-21,1s,5afa1308a68a4fcf6be4b9f5800c937d6fb5232809a2b57390cbac9e7abea293,372d91157a9312938e496683ef6fd46de11999fae7b38ea2fd9439b6f107717f,3791474,86400,86400,1674259200000,1674345599000,200,Thu, 13 Apr 2023 10:23:22 GMT,09eb9b28df72ec42a2aedb1188d7f886,AmazonS3,application/zip,3791474,Miss from cloudfront,H74hVFUPrR1Ww79S7JTwZhqfxY5KXoQS8oIwB-v3v2TepQLVmX34eg==
0,2023-01-20,1s,3a5aec604e735531518605f6adfe3aa2a13d92c671920f7ada9e91057e3ee6e7,739dd58062e8d43b9050a9213cb96351993f054f9c4338cedd8943e3517da3ce,3778903,86400,86400,1674172800000,1674259199000,200,Thu, 13 Apr 2023 10:23:54 GMT,38b4f9b5984ba0284ea166ed7d008880,AmazonS3,application/zip,3778903,Miss from cloudfront,t6gGoKv-0DZj8evcQipsEm2fNdO_7QtSAw_4_YO5oBvCUn535xJAqw==
0,2023-01-19,1s,44502f63ffea0bf41f386eb8b99134f65f761290c6bcd50765653261cbde37d7,0f0d0e24d6a859922f43ad5e16bd2ee9065db9e58347e66071cdadcd5d7cd189,3728210,86400,86400,1674086400000,1674172799000,200,Thu, 13 Apr 2023 10:25:38 GMT,e4dc3fd2cf0509ac60a2fb23270ce8d3,AmazonS3,application/zip,3728210,Miss from cloudfront,sYkvW50nTY76x0CIRpSd2qFx6soUX1VeHjT00nHkSiQbxgltCDwaoQ==
0,2023-01-18,1s,c81b63a37f201565d3fd4551b27ac1777cd946e6d3c4261cb0d132204073e1b5,99f0a9478d65a540d81d1cdacb483abb20ed9861b90182c37e616ef0784703c8,3783296,86400,86400,1674000000000,1674086399000,200,Thu, 13 Apr 2023 10:25:13 GMT,74916c5b70ff27ffc64f7ddb6f962c52,AmazonS3,application/zip,3783296,Miss from cloudfront,WGbTYN_O7Cb0Zm7NiRw96b61UcDMiK0ZtRUYfw_1BYR_bOPD98QIaQ==
0,2023-01-17,1s,78bdc93e86fd537d92a89ab9d7b49a9e63913d41f8e38ec9a4f0ae371d147e3a,eeae294f7844cee5b432db306ae88065b0b09eb9f42007b1c405f0a3a4cd0d6d,3745743,86400,86400,1673913600000,1673999999000,200,Thu, 13 Apr 2023 10:25:45 GMT,3d4e174d8a6ff2dd1bdbf1f621e067dd,AmazonS3,application/zip,3745743,Miss from cloudfront,0o3xwggAlrrYHcFs1aQK4gcZlVej1Z_PbWCDn7mfu_Sfs4OijhdNTw==
0,2023-01-16,1s,9d464793e8d3140e25c374175b7fc4db32997924fbc59e4ac5c2b127b7df3922,7950fdd34e1c25deed02d5892060402523da1970bdadf4f88a2698fe44e8b776,3762623,86400,86400,1673827200000,1673913599000,200,Thu, 13 Apr 2023 10:25:05 GMT,c35df169a8e5ca1a6954be71ed61a565,AmazonS3,application/zip,3762623,Miss from cloudfront,vLvBfLxDKzlKWGFpKi9C85UzhyRfwUi4CPEcAvAxAL9wmthmrYcBxQ==
0,2023-01-15,1s,35d858998bb8016ae5950c7dac53d3c5ad4e1416aafe67aef016c34a077668ae,67ebf07f4824631d8908e4086f3840e5ee5f654da67a7298a7f109f1727ad7ae,3661341,86400,86400,1673740800000,1673827199000,200,Thu, 13 Apr 2023 10:24:01 GMT,ce21349b8f272f2539371c1a3ec27fd4,AmazonS3,application/zip,3661341,Miss from cloudfront,AjeN9Sr85pqcspiQ0no_coK6j-SsE4QCrHjdn2Dz0V2FPVesqbYFUg==
0,2023-01-14,1s,bff77d525690700cc7f036bde47690a38357a0a3a290d4c305f205bea24e494d,84a316f6008d8ff6501bc0e37fe21986cdb99e42655ab5f42fb6401695120a51,3827561,86400,86400,1673654400000,1673740799000,200,Thu, 13 Apr 2023 10:23:12 GMT,8ef6611c30091732abb5fe1b772ba710,AmazonS3,application/zip,3827561,Miss from cloudfront,PslWNwMDuydsxPMeCLS31YOtW1CuEsyEGnrkcVVA93glC6V9Nx4ODA==
0,2023-01-13,1s,7f6f7e360aa6a4eaebafcacebc2b847d9833f0d164fd4936399f99486de9f403,2b1d5931a86d49cd6df08fcad01414ddf49fcac376ec3f2a5d48e0ea05e108e2,3779147,86400,86400,1673568000000,1673654399000,200,Thu, 13 Apr 2023 10:23:17 GMT,c2ded95ec35d3ae51a3ae7c3915ced4d,AmazonS3,application/zip,3779147,Miss from cloudfront,ipin3LzZRB1SEA8N9pAxp9KruM0ssyZWRxod1pku19i_mO0rgAJseA==
0,2023-01-12,1s,748b943324360a2927ee970493543eaa366a8967060d461c35a8935035a523db,f8db8327940646edeb5fb1568dfcdcf1c6c3d8692a9ba883e1048a9889a01592,3793946,86400,86400,1673481600000,1673567999000,200,Thu, 13 Apr 2023 10:23:59 GMT,d7bc32e359b4b02cb17912ae1286d566,AmazonS3,application/zip,3793946,Miss from cloudfront,qzITrb-K7WHuBUlP7G8BU8POFcEzTwNTrFrt14uivrDkyGnt1qJkaw==
0,2023-01-11,1s,e1dd6fd722169e2dc09a8cec6bcd765d029cc85d919104fe703bec5d027f6280,9a9024f4f879233c193e603d8d6736292afa0b9ee3525f011ce68e23fdf6cf02,3650102,86400,86400,1673395200000,1673481599000,200,Thu, 13 Apr 2023 10:25:07 GMT,c2ea05be41b3c06c1c9cc9ab96440352,AmazonS3,application/zip,3650102,Miss from cloudfront,-kX-7eHbltC9M8yprmUy-DOvVH7R0kzWS960gMswoUy-WpAgnKqc5Q==
0,2023-01-10,1s,5b5e5c91cd19c24f29a39cfe06610b986526f15288a665d5d4de3bbae25a7dcf,d5b2f82683070189c5fdac1c432c64b933007b7915aa341cd02ed3511ce691b2,3634043,86400,86400,1673308800000,1673395199000,200,Thu, 13 Apr 2023 10:25:43 GMT,c43ad85f1b76770d1c4720b05702b0c0,AmazonS3,application/zip,3634043,Miss from cloudfront,Hb8ZSRWcWc6ry_KDSeZqMxKDArjhwJSvWu42uYPpivgyxT8b29tiLQ==
0,2023-01-09,1s,f43dd3af45657d25df7821f8a01918ae2b49c094cda4a8d0d38efaa94b4abe3c,936776b2bfaaa240d213f247305c2bd8102f97d1b8c86b368e359be23e9b86e5,3681420,86400,86400,1673222400000,1673308799000,200,Thu, 13 Apr 2023 10:24:31 GMT,03632805c1d9af814b4e1c097e7d8dd2,AmazonS3,application/zip,3681420,Miss from cloudfront,bnN8L32qSDTMFo2HgPOLndA1yuaosd4iGsrm6pgZY4r0WljC5SiIAA==
0,2023-01-08,1s,751e43ab76160ca7701cf357ba13679f33e911794928f11c7280f42f3b8cca0b,67eb7cf9eab59e32e453bd2aaedc8d5d9300e71e164cdb8fc7094b81f541a776,3469634,86400,86400,1673136000000,1673222399000,200,Thu, 13 Apr 2023 10:25:35 GMT,824cfa0c6e7da0a20e172919d1d3e7b4,AmazonS3,application/zip,3469634,Miss from cloudfront,KHKfgTkPiRJWjncq_ko1_bz2geZevakwFwB2dzDEQFjh8ozczwHNPw==
0,2023-01-07,1s,3b75269b400556532a3cc27bf9835611c872ecd428341a2ca0b339d5d08bf50f,efafc1a6d117007fcf445adc69f42567d5aade9f4a434f0c7c7f1a2c159f34eb,3425234,86400,86400,1673049600000,1673135999000,200,Thu, 13 Apr 2023 10:24:39 GMT,37ecbb7142df834b0ecb62c456ec978c,AmazonS3,application/zip,3425234,Miss from cloudfront,ULHWorm_sZrjktrYvHPMBOqAkQU-Ky_02xi0rErHsAkVkTpU__unqg==
0,2023-01-06,1s,f0881348326e7c90a28cc259edca849d7cd88aa220297914eba865ab54066a4b,3b345534655cf59860191c999e552f56ce2aef9a9655aef58dd97a45f396f4a3,3597067,86400,86400,1672963200000,1673049599000,200,Thu, 13 Apr 2023 10:25:27 GMT,9e24dfb5facc191a22854229f888c40a,AmazonS3,application/zip,3597067,Miss from cloudfront,LKAjYZZgY83LlGCzBBlLvQM8PsEojR19EaBDFUl_5BP7NT4X6wPFcw==
0,2023-01-05,1s,0300bd1c56f6dbbe9f3032c4d718058df7cb76619a71a4ea23a9e26101c2eb91,df4479aa0d865c8f0f76c34b6eb467b6c35d5f10e6af599c1afc55309794209a,3558425,86400,86400,1672876800000,1672963199000,200,Thu, 13 Apr 2023 10:23:39 GMT,07d82d66a2d831fa0f80052448525505,AmazonS3,application/zip,3558425,Miss from cloudfront,sDCYGwO3aKJbe71OsKAFvxdTuKRZ0hn_qJTKhkEHejLKK2ihB4AGfg==
0,2023-01-04,1s,d5345a9e7b0d96cdb27ad0d35326c8c8ed84b3b8b686b3b03aa0d375387ddba6,5e8e1ad88f526fb1d8b7cfff0c1e66d6b9ad9c93dd38cae37b685d507d23b1b8,3660707,86400,86400,1672790400000,1672876799000,200,Thu, 13 Apr 2023 10:24:15 GMT,2046d8042a51edac4b7a48d1a01c93aa,AmazonS3,application/zip,3660707,Miss from cloudfront,vg3OnzS-6V4zxuc6i-yLehzZFi1BMFSfOPLBKI5reSTh1ejoDM-KVg==
0,2023-01-03,1s,a12d86db264ae608c762a67ea8e9b8df854c6c212f06d8ef3d657b69c797ac2a,de8879fad3108036ba6987a06517639d64cdf15473076d8160fdcba4ee3771e2,3592200,86400,86400,1672704000000,1672790399000,200,Thu, 13 Apr 2023 10:24:18 GMT,3ec9e88e1dfff6aed5611f1106d0d0ff,AmazonS3,application/zip,3592200,Miss from cloudfront,KMjmvVzHz6NTyNsZBCW6p2c4JGfvW0I_8Dg6MsI2k5ljGsLQ6y7xEw==
0,2023-01-02,1s,ee8901ec24ddd219a6046e06377401856aea09e3fa0ec77224c9e16f7621755f,75cf1fb6fabfb144bef810aa1b42cd2a98dbd4fdb172db56e232dcba0ba9bb5c,3508157,86400,86400,1672617600000,1672703999000,200,Thu, 13 Apr 2023 10:23:38 GMT,6438ccfdaa9cc8350a9ba964c6e18734,AmazonS3,application/zip,3508157,Miss from cloudfront,mMhIuI95VzbYZOP_hxGlpEPTyLu_DDKrcblZYImzGZ_c1vGNiIIc9Q==
0,2023-01-01,1s,50d4df5de7549d5676517e7c17eb59db9c2f0af8174887b50981f9bdaf7ad38b,cda5b4d75d0561165ddd161c98ea6800eee49d0aad1ec74050fa5140dde1ee55,3438859,86400,86400,1672531200000,1672617599000,200,Thu, 13 Apr 2023 10:25:29 GMT,f15004ce4827cc72dc2fdb2747fb7c57,AmazonS3,application/zip,3438859,Miss from cloudfront,NEpxlLmT6JFGnVMsuGskaSW3V55U4e7L_APlbY6ceqaVGTey76c91Q==
0,2022-12-31,1s,86c9836207d3a9843d55b489e365b6423c5d52b87fa5889f52a7e6a9c5ae1bb5,efe1c9af9602a9772231248e0d1cf6c1489065324fc4fecd0f4c0671393b3889,3468928,86400,86400,1672444800000,1672531199000,200,Thu, 13 Apr 2023 10:25:40 GMT,1304f95b98ee7ec03b488d581ae791a1,AmazonS3,application/zip,3468928,Miss from cloudfront,GBqrqFgcDOdxtsF_9sn5_vRaregRiG_om6UCq8ev8Wx9mJKkBDeqRg==
0,2022-12-30,1s,eee1725d1e0772135633c1c6677acdae90665a462e819782c3ac1e68a01f3f8c,114b7f7c73e2d13ee2f09c46e809113a4a0c256a990e501430535d2550b47ee4,3538173,86400,86400,1672358400000,1672444799000,200,Thu, 13 Apr 2023 10:25:10 GMT,c25801572c9a821849c95104aa4c0bea,AmazonS3,application/zip,3538173,Miss from cloudfront,xeOWAHGOep4qkgWO1_sVMyj6QXIadi38K2f5OkcxAFMrGnf7fJh7yw==
0,2022-12-29,1s,962054a9604221e97399304796b8a433361d78481bddd71b3d87fa9ef0f593ac,ce0bb7f1af565e7e62c8b24f534a7275c5618dcec2391f85035881893c6be0db,3564219,86400,86400,1672272000000,1672358399000,200,Thu, 13 Apr 2023 10:25:28 GMT,df09c4590713e932625410017f0be7c7,AmazonS3,application/zip,3564219,Miss from cloudfront,BRyHPEhCzizb4FLDrsDwtVduvGmgu_y7KKZeOgNqnTnLcplGnRxlCA==
0,2022-12-28,1s,1d06e6ed42978741fbe238b7830ca4029933d70fc1feb785c39a7a1c3b4b2d77,cd414061c535d64630a7a0bf48bf1c9215a0fca35e7cbcaf3c23ecd2c7036ebf,3611502,86400,86400,1672185600000,1672271999000,200,Thu, 13 Apr 2023 10:24:40 GMT,207e9391f1f33d2eff5f26e1d26f0136,AmazonS3,application/zip,3611502,Miss from cloudfront,OhaYsgrQ0A98g1dvkQ0wa2RO85dC1_ju5kIAYn8S_DVA79nt-72cYg==
0,2022-12-27,1s,779e82c4a60e63279fc985b66ff00aac440427200a4ffa6f59d9a300476a2b67,97db8ce6538c7ffad5c4b70cdcac053cab3c62b233c7a25c835d514725f388ea,3578986,86400,86400,1672099200000,1672185599000,200,Thu, 13 Apr 2023 10:25:36 GMT,81cbefdbf414770017ff09766a04708b,AmazonS3,application/zip,3578986,Miss from cloudfront,yZkHrUV3YwX_kJSm9McuZsXfQ6cTT60WknrtI8Pvu_BunZs_J_9R_w==
0,2022-12-26,1s,79622cafa26cafa2c90958c0c5d5cca03d3e3b137f0d2c68204850565d4a56fd,4b17ff33a5a0ad8cefb93d69b3c0b2cfd6dcb0944519a4b67cd9aa6463995143,3490010,86400,86400,1672012800000,1672099199000,200,Thu, 13 Apr 2023 10:24:32 GMT,32e0c7625f589b917006794635d4854a,AmazonS3,application/zip,3490010,Miss from cloudfront,0MgyEL58XpBVONjS6JGDv2DiwGn-dIwdOd7lNjcXS0V5yndrecy7fw==
0,2022-12-25,1s,859876ba73cf3b9af35e960aae545bb1f17fe6f5da4a7133c173088f295ee523,af43f9371362474e5b6ab642ba82a7292e1f0da89dd27233bd0e4c3dc875899d,3436580,86400,86400,1671926400000,1672012799000,200,Thu, 13 Apr 2023 10:24:13 GMT,7fe0c547daa253ab13a440cee26acaf1,AmazonS3,application/zip,3436580,Miss from cloudfront,vdWqqzNAmE9goPZR8jsHzbHW05i2b-i1rYHXyavXWAXaP_fHY2AORg==
0,2022-12-24,1s,89f7bf384a030910eaa79c69f7e1de26d064db9122efeae6112b86082e7f4364,039d1c92d174ab9afd1d5ffe3279ed354a338d1f95c9c2517ece40c498973463,3394982,86400,86400,1671840000000,1671926399000,200,Thu, 13 Apr 2023 10:23:41 GMT,069825bcd9bd8635ea073628cd9e6a2d,AmazonS3,application/zip,3394982,Miss from cloudfront,fNtykVjVotA7alABiXGvMLTXS3SOzT6UGcZSJEckyuAzqedITD_AWg==
0,2022-12-23,1s,cd6e41354ea33c959a67995fd1df00647052fb754a3b1ad2c6fb0a6c28941139,7215430e09962159e5dd68942d53ae61575b278d9e68e8fca8bc28683ac5110c,3556823,86400,86400,1671753600000,1671839999000,200,Thu, 13 Apr 2023 10:23:42 GMT,20c91796b1258f227c56a6577b7a07ec,AmazonS3,application/zip,3556823,Miss from cloudfront,O8lhk8Aws3H2JK0JsdoJIa3RmqG91SK2f9LAPdCZ-kgjNxQhjdsD_A==
0,2022-12-22,1s,2be93e30539346e6e4d0d1305534f9052538530265df7c4849ec1d92dfb736cb,ab0b54455686e7c57bf2cfccb9dbb44f710105e54cbdc0573354abd6c9cc2f64,3568821,86400,86400,1671667200000,1671753599000,200,Thu, 13 Apr 2023 10:24:09 GMT,0f404e981b6b742699571b6fe3dc3a09,AmazonS3,application/zip,3568821,Miss from cloudfront,hkJlE8X6mX83XvQWIq5Yimx9f1ePbO2B6vjOiDWOzW9ygNz6VImNxA==
0,2022-12-21,1s,7a9f585cb506007b97a4fd8aa448e633c6cb297eeac67d1e52866cfa32feb598,625669722d8f36d1d47bd1dc5c32cfedadda9decdb703616c89682386e5d1038,3560152,86400,86400,1671580800000,1671667199000,200,Thu, 13 Apr 2023 10:24:33 GMT,ea166afa6c82199e6d6e7d08b3d7f658,AmazonS3,application/zip,3560152,Miss from cloudfront,dsG6DUCH175R3tFLPBIFiQ6pBVUIbXTEFOTUT_LpT5U6Lq0oHzIStA==
0,2022-12-20,1s,771f979f6013035e2f60aee1aeda115eda3b96bec256b78b67fe268123df4bd3,1f307bfebbe567ff0ea7bdd546220e66ad8a6cfe390e1e77577e04d1e81c19ec,3652848,86400,86400,1671494400000,1671580799000,200,Thu, 13 Apr 2023 10:25:31 GMT,29c9a05a65306ea74664c7dad64470a8,AmazonS3,application/zip,3652848,Miss from cloudfront,Z4OLdr1Dwpp96eTL4r3kOdqeWyOQv1nyQzAFwoh3dKmWeobWYdCtYQ==
0,2022-12-19,1s,756229031ae25e5a0073ef251c4ee3c3ea7b87e2e0aad5fd0382bb443703d387,67fdf14d949ce1e4af06d6c9901cf836f6a5dfa264dc5470d800531469276b05,3575112,86400,86400,1671408000000,1671494399000,200,Thu, 13 Apr 2023 10:24:19 GMT,fbfd555f3d3e32edcb9322ee6a0a4b7f,AmazonS3,application/zip,3575112,Miss from cloudfront,mMy5pKVyDuF_Lus-oPq8ZYCLYdgYY0DvfWKZet5nEVjXFTWihJdVbA==
0,2022-12-18,1s,f621bb5f3afb21cdff7d5299455269369798723a4cb40b71766de6d59420e5f6,3aaab7ed2a51c6b1b9f71bb3cccd3bee7f305119fce9c8b6e109cfd0ee6cee70,3442282,86400,86400,1671321600000,1671407999000,200,Thu, 13 Apr 2023 10:23:35 GMT,f96891bbf935f5cf5447ddd56b53cf80,AmazonS3,application/zip,3442282,Miss from cloudfront,nBQws1EAqaE9AVPnt2eYm057SmOKQBYiZyK6SUdhzTzacbgszYVlLA==
0,2022-12-17,1s,5807ea09eaf3d64042e2f1ebce29bc1c432411f753d560e2ab59d04dafaf396b,d348f319763a2fb5d0bf1917735f0bd887e98b8a339fe9b7430a4662fd25e135,3527942,86400,86400,1671235200000,1671321599000,200,Thu, 13 Apr 2023 10:24:28 GMT,79e4dfa0d06fb18f64cdd4ae10b62e2c,AmazonS3,application/zip,3527942,Miss from cloudfront,OqbF_pXgXkP4Ijt0M-2ySrxsqynb52dw8-2T0f87c-Ig4eFq88GSTw==
0,2022-12-16,1s,dcc5732ee3688c3792aaaa8a6bda466d893366585ec6ef9095eac5c827bfcef1,b2b8ba7b3c41e78a01f05c7fa834d6c3454c35bf3da75f9ddd2026af2896c739,3624817,86400,86400,1671148800000,1671235199000,200,Thu, 13 Apr 2023 10:23:29 GMT,4689cfc7af02ab2eea6d71de74e69bc3,AmazonS3,application/zip,3624817,Miss from cloudfront,waYJA5rS3z6t8tD7VPrRffWMHWeeV187YLU_W9AAteB6CLrl2dLdNQ==
0,2022-12-15,1s,7391d8bc6ace25bef9b4070d647089c46845495ce832ffbb8e8337f7f68fbfdb,d908ee921747a51f002ad71d05d051c970cb5769413e4421a7ff03bdbabe4864,3598739,86400,86400,1671062400000,1671148799000,200,Thu, 13 Apr 2023 10:25:18 GMT,a898fd9df7a920c869f4a4c6e5505ff3,AmazonS3,application/zip,3598739,Miss from cloudfront,E-VNNgLcgrDOb8AeEZ8Z07ycAPF3HS74T_wypfhtuiwI2vfJPJ4r4A==
0,2022-12-14,1s,561542682f5b3828f17ef8d4979ce0ce067885b06fac98500dfc4fb7488af0c3,d755951f9b1bf494de99edf09a89b320f26ce8a6580151e22b5c4f8e0ca79f37,3644211,86400,86400,1670976000000,1671062399000,200,Thu, 13 Apr 2023 10:24:46 GMT,b6c1b7a1af060cf2887fa41f8d925a5f,AmazonS3,application/zip,3644211,Miss from cloudfront,7rP9C_ZkK74_WmAx_Hb2Ec2W3CzN2VvPh-yPSspszSAM0hGDVs5ulQ==
0,2022-12-13,1s,5368ab3962d5f5c8deeba50a9e90f2fbb22d0d734ccd098dc451692be14d652d,45c7181dc6da15ee47076547ed58ea149fdedbda2db50086359fcf0dffdda923,3679607,86400,86400,1670889600000,1670975999000,200,Thu, 13 Apr 2023 10:24:51 GMT,890ab4563017fbeb7a23efa3a0777821,AmazonS3,application/zip,3679607,Miss from cloudfront,3pB94qNcPMB-SJz9Ug-sVGqzEWzrVfv9jD1NF82EgzxvnngazYRwDQ==
0,2022-12-12,1s,76f49708dd38d995d8daafb8bba92191fb07520a9d82914712b321d4b03034da,1fce0386dcbf071fa8549498d45634a910cc670bd309e9812c949364896efc4d,3584133,86400,86400,1670803200000,1670889599000,200,Thu, 13 Apr 2023 10:25:17 GMT,ec118a67db9e3f5d2c9d5d1ad08edb60,AmazonS3,application/zip,3584133,Miss from cloudfront,9CFVGwdheZRCtg-T7kDi1LsoPYqVhJhC2CL3H_8P9RCYQCix4FMoSg==
0,2022-12-11,1s,78ff615a91fc29bba3b51c802310b3fd8a39c84c920902e52a6ffa9c9a12de9a,7b3bad979d1aa84c5cee7a802d77a54c51621412dddb56e59f34927bebdb0e65,3435320,86400,86400,1670716800000,1670803199000,200,Thu, 13 Apr 2023 10:23:32 GMT,1894464a7856f82d98efd5c5c44869ab,AmazonS3,application/zip,3435320,Miss from cloudfront,uykRbshNjZ4I87U2-a9lPorR5msHNVVqLbN3oG3e3PtBapAJ2exP0w==
0,2022-12-10,1s,a3554d51135e0c748309952cc3d9e29c90117c9f116164bea843da83a537f20e,711fd2353e53f6d22bd8f17281460a0192e48db4d2b2c2d2e4523122516d7fb6,3407091,86400,86400,1670630400000,1670716799000,200,Thu, 13 Apr 2023 10:24:27 GMT,b493b2ac21879cc364dd943defca5d3c,AmazonS3,application/zip,3407091,Miss from cloudfront,NBZTGdWOta7uRQt-4lKFCTEDYb4MY0BLMjcpkk2eeP8ABfM1AJ5tPA==
0,2022-12-09,1s,ac0ffb9754565ac787d607b1d5ec47106e72ff573ef384dbef331132c722cd43,b6aa9d6c49a1809bed9e1bd950a1cd200ef7c5da918293ea50226c33dc592b3a,3530750,86400,86400,1670544000000,1670630399000,200,Thu, 13 Apr 2023 10:23:18 GMT,49dbfc64c7a38253542cfb847ee3eb07,AmazonS3,application/zip,3530750,Miss from cloudfront,QfV22qM8iYvx8KbKTqxnOKRXBsYtljASQlLRGeDPqNP9u2pSZMpR5w==
0,2022-12-07,1s,aa1eb3d6aa25f25b1a96eca95687cabd198f8f031563de22589955fadc2a6a69,0d43e125734dbb492bcf8b15959887abec3bcd8ecc25a9a89b076fd901046fd6,3525559,86400,86400,1670371200000,1670457599000,200,Thu, 13 Apr 2023 10:23:24 GMT,9331f45535a581b3acbeae4012159783,AmazonS3,application/zip,3525559,Miss from cloudfront,AHK5Pt13yQ9jam3FLyUPbTrB9HuDFBwbGnpIsL5bs_BXMzU3evLzCw==
0,2022-12-06,1s,cd297347ba843c84ab4d5412cc0b03fd5fc36acc248bc5e7cc343761768ac726,d9a42f3497b3c1921a69221c1f3b23605f15e614796aefd338b8aa3a94fa4ae9,3540958,86400,86400,1670284800000,1670371199000,200,Thu, 13 Apr 2023 10:23:44 GMT,2c020570c4811a52e82fbbfd6616b8d0,AmazonS3,application/zip,3540958,Miss from cloudfront,lhvmyroUxXvf6XLRCV4fYch6kVXN2EfzMcX1YRU-YVUQX37zIDS-Hg==
0,2022-12-05,1s,3e84703743f127e192fd9f3e4d421d05cac1657e2a8dfc97d0120857fe7c33f6,8fad13a21e452ab37b8363521939230fad9b3cfd5cc508072a6d7d7e4fb73489,3598324,86400,86400,1670198400000,1670284799000,200,Thu, 13 Apr 2023 10:24:55 GMT,1334b1b6c7d1db0f63cd0a739bb1a4d9,AmazonS3,application/zip,3598324,Miss from cloudfront,u3W6YdJwdqPJUQH2s-YphFNrdtT_FnpnKJZOGenvfiuEB56oKd-i0w==
0,2022-12-04,1s,4b92b57b68fa6b7a2f15ff9bd3d5835bae3e39dc9bcfccc8a65fa95eae1e3e26,cbb8334864f8b4368ee245b65aa946441b9150c76042137435ddd97e38b02976,3478676,86400,86400,1670112000000,1670198399000,200,Thu, 13 Apr 2023 10:25:52 GMT,9a9b3984057fd784caad4e65a1eb7f96,AmazonS3,application/zip,3478676,Miss from cloudfront,WwobIb01fW5Y2J6hrNN6vGzaEAtp3M2F99E5nWvDF7SksvCUGJ8cTg==
0,2022-12-03,1s,6adbe038035d5eaa481264a4f64394929154ac343a5ee462c7705ee58cbb8d41,f176514df62397f8e85b4cafebe86bcfc0f38a98d62f98fe87b7ddb243427f44,3401689,86400,86400,1670025600000,1670111999000,200,Thu, 13 Apr 2023 10:25:57 GMT,6ca0794619fe9db5279a96749322cee1,AmazonS3,application/zip,3401689,Miss from cloudfront,8jHAZEd_RfrDMFNtin5CdeItdSnLSzcVTTIcT0BqB2UW1PqI6VpKGA==
0,2022-12-02,1s,ccef69cf39c627fda6ec60a39c9d80ff19876dd447c4845d15b67012770383fc,43e49958e848573784653c5c8a0c79dc3fd72abecca1c20fbb32e1e1cf19b53c,3527173,86400,86400,1669939200000,1670025599000,200,Thu, 13 Apr 2023 10:24:53 GMT,f1158848b2319c19bda41374de78735b,AmazonS3,application/zip,3527173,Miss from cloudfront,GJWGCSqPso0lYYn5aZwsqTqdXZDggWhZrNkDYizYwgjO12iNju-qhw==
0,2022-12-01,1s,b0badded6508aefec4359938215a1991a976196eaab2dba14d9602ae4bbae1b6,d782820021eb67f558cfd3909075baa7cbebfa954d3328e158e65b1cceedd006,3595694,86400,86400,1669852800000,1669939199000,200,Thu, 13 Apr 2023 10:23:51 GMT,f480da2fdf8ba6061adee76d3a385edb,AmazonS3,application/zip,3595694,Miss from cloudfront,rvDF68CAACDIhBZIpGyj7kaKJIgae_9dGwHy3QTi7oDZwscyXy7QCw==
0,2022-11-30,1s,e36fb422a35c5f61b468c5de95ac9169bd14bad8e46adfec9b7020216c6e90cd,4077b16d8f79bdbb276a770bf2294e467773dd33589d0cb53c2d56083a3d6ae6,3682639,86400,86400,1669766400000,1669852799000,200,Thu, 13 Apr 2023 10:23:50 GMT,0bf139f961dcd846613535db6f6d19bd,AmazonS3,application/zip,3682639,Miss from cloudfront,5z7t2nSltUJWqpoFJiMmVojDJ7tVqtiTs_m7pvby-vBqokm6bhKtjQ==
0,2022-11-29,1s,e27d21b40b9f55675eee91fa25f3b89125b4961cfc10326e9e69374a6e9b282f,1a0d8661939d3405690a5f3954664e5e725f3fb6979991cec3feb0676745c4b9,3618356,86400,86400,1669680000000,1669766399000,200,Thu, 13 Apr 2023 10:23:36 GMT,843a4a16d9670bc9b18d657b63748079,AmazonS3,application/zip,3618356,Miss from cloudfront,nZqBFLEgOQguXi_TRonwTlHcVWnVWDYXB6cy1OqjD6bSY8fh9dbX-A==
0,2022-11-28,1s,e07435d5a5fd9123baedd7820d5435e1885c232e53f5899081ad53ea4040698f,ffad6f1a742e0303f2a8367e3daf317d9b0884bb114f632dcdb8f7705f602648,3640897,86400,86400,1669593600000,1669679999000,200,Thu, 13 Apr 2023 10:24:21 GMT,d826ddbe4b822bd703074f897db03267,AmazonS3,application/zip,3640897,Miss from cloudfront,K6T6_s561-x5TsgYj57zzbdKC1AjiZc4Fwq1ks46QY6rImN5KkskCQ==
0,2022-11-27,1s,e5c97e073188a8f540766874b150ea4ec1491d54d6b46201e5e67df5cfb0d5cb,1a664b8e18f7792749b12f7e4c0152ac7ef62b3fd2b7b66e425baaefcb4052af,3466433,86400,86400,1669507200000,1669593599000,200,Thu, 13 Apr 2023 10:23:29 GMT,8404305da59d0a119a6b08ee114834d2,AmazonS3,application/zip,3466433,Miss from cloudfront,fmGy3pxVf0Ei4uulcCkssDXpGa7wpJ8_jp6U4chMZs2X_1F4eNCrtQ==
0,2022-11-26,1s,bd1435e0537bed2264a25380659401d589e72edc94906cf35a34bad446287b2d,80e0c4b94e5b767d1cf80d022fd795a62bd5ea9a34c2b215f758e4c1468e075c,3530417,86400,86400,1669420800000,1669507199000,200,Thu, 13 Apr 2023 10:24:29 GMT,d5b0e5a4a09bab8e8c9a45bbe02de41d,AmazonS3,application/zip,3530417,Miss from cloudfront,IG4ldhnpIaFQ1zdkIv3WVjb02lGY2UBAMeV62v4bU3I-4z3PyS2wGg==
0,2022-11-25,1s,97f9aba49753cdc4539dc9b0f7641ec79763b73b564a4d561e3a597c9cb79e75,171f01fe01d4cb5a3f369a63905fdd4e1b605e59b517e8020004a596ad9a20b7,3593815,86400,86400,1669334400000,1669420799000,200,Thu, 13 Apr 2023 10:24:47 GMT,29595d975b2593dfd9fa1abf573b58bd,AmazonS3,application/zip,3593815,Miss from cloudfront,saiVrmEbRdjZv0wYrPdLWSyAq-JwCuO_nC6HZ-eqUHGb6_M9SBoBtw==
0,2022-11-24,1s,32f52d465c4be787a7912fb890040b6b120cfa25bda45338fb617a801da1bf79,f333e8f6fe310d60f05c7bc034e187063aa6d68b83b0d98dbd7cb6160032c543,3643509,86400,86400,1669248000000,1669334399000,200,Thu, 13 Apr 2023 10:25:19 GMT,831e2042ed0e41e285ecf215b6f206f8,AmazonS3,application/zip,3643509,Miss from cloudfront,7ql7OcpBa1n-fCKlxMBOv0eMkkxSP4nk4LlLXVe1wZaUXvesBJe9ZA==
0,2022-11-23,1s,6ca846ed1ea26605f6097ed04f13127af648d240abc9cb027c023b04e61d1880,364c7f0e9e2eedca37e324a3e30d4432e80422fe2d7afde1b44112efa9366d58,3731569,86400,86400,1669161600000,1669247999000,200,Thu, 13 Apr 2023 10:25:15 GMT,b1dc3de6cc5710eb808f9ea4c9bcdb44,AmazonS3,application/zip,3731569,Miss from cloudfront,NvUFStejCfc9E4bz2mrhUlaMIMlXXC87JmBDzLenGlbeWtZ5SDz2nQ==
0,2022-11-22,1s,f8ad7cf4d6741d2ddf74975f80beef0482b7f465f2384cb9346e62b86e3527c4,294a7e882e84b8276c94255786f750d5cf53ed3b0e95962b5167fcb8f1cf52d7,3714409,86400,86400,1669075200000,1669161599000,200,Thu, 13 Apr 2023 10:24:48 GMT,e8ba64fae256fbcc80bce1309753d2e5,AmazonS3,application/zip,3714409,Miss from cloudfront,vEEcBBODAOdnyAcARNYOYWbz-_XJai8bWuZJmhELIIYjdzuZPZM3Hw==
0,2022-11-21,1s,714cf0e9be6433c57068babffdc07fea4b2eee849fd11052d26209b3851a0a18,806e86414ef36d4985019ed5b8f226456669f7a980376930f62b2e34bdae721a,3772072,86400,86400,1668988800000,1669075199000,200,Thu, 13 Apr 2023 10:24:24 GMT,c5c1afd80ff1287b827ff5b79fc2278b,AmazonS3,application/zip,3772072,Miss from cloudfront,cK01hfiKhg5ZipW0ZnR6Hf3xMNo5zQH1D2kpQpOToixGNeBz6a56Bg==
0,2022-11-20,1s,10a51f103e6c0340ed30e9166505d04172cad3538284dd91fecf3f8db2fcce1a,c4f4be7a79f71b5465759338b133885e718181ccecd57a6f1594187fd94d880b,3566022,86400,86400,1668902400000,1668988799000,200,Thu, 13 Apr 2023 10:23:31 GMT,20df349afba57b29eb90af0eb9623256,AmazonS3,application/zip,3566022,Miss from cloudfront,8dhiG13SJQYqM3IwXPXS6r49Sjs0Z5nehjyg5ynbysmPUy1J5d0m0Q==
0,2022-11-19,1s,02038dd1c25bbef2f2c5fc90d7d7707b1cdabaeabee883c01c0101b321699caf,7dbec07eb6e51cfda32b5cb91268d5d251dcaa524f75ea44ada866c6c4783d40,3426873,86400,86400,1668816000000,1668902399000,200,Thu, 13 Apr 2023 10:24:38 GMT,9e974ec78ac2192ffdae7706b5781b68,AmazonS3,application/zip,3426873,Miss from cloudfront,gTfmZkbtV9yo0x-Lji3uIo4h3ql19jCEBWK31Sbbn4VkMjHUjODlBQ==
0,2022-11-18,1s,c50d28d237be25600714f061930a09f6f3ef2f572d483b0873759f893e85623f,e6968930ac897b0bc163b9a73b966bfc62d954f8d541cd5f929296e40fa18d8a,3649381,86400,86400,1668729600000,1668815999000,200,Thu, 13 Apr 2023 10:25:26 GMT,b6ebc79c34fcbad89507d7d9213f6972,AmazonS3,application/zip,3649381,Miss from cloudfront,fmWFLJayaPHlN63hH6Ca63dqJbXHvWeqX6kxq63k2nvaMICbGJXZwg==
0,2022-11-17,1s,e43682b97a157bed0b585f0b8845d5543022152b412c1112112e96d37f7f2522,2249066decc231efacbee48e7cdca46ad20c96fde851b2ea5fd02f62f27a396c,3690045,86400,86400,1668643200000,1668729599000,200,Thu, 13 Apr 2023 10:24:30 GMT,10e5fa91515dcb53a23136e492ea2d9e,AmazonS3,application/zip,3690045,Miss from cloudfront,QOVmE3vxFnQxXwP4vxm5U5WJhUnt4AWlTWd1xD9epl4twI-WKj74rQ==
0,2022-11-16,1s,3dd6778c55aa71cf898e46f50b65de3fa712c855c08e94509046f62ff29a19e1,88291d395aafa27acd3224d23b408517de9f4d0eb1ceb28303993a04bbde00fb,3730514,86400,86400,1668556800000,1668643199000,200,Thu, 13 Apr 2023 10:25:34 GMT,965249a2eda79581b3a2516338c57915,AmazonS3,application/zip,3730514,Miss from cloudfront,Ap6KEiQfQPWunj_UPiXu8IgMz4vxkvfwbycl6n3Ra23inZu8D46m5A==
0,2022-11-15,1s,a1356ef52680c7dece62a2fc80debc574e7bf54b53fed4d10eaa562a2a1d5487,66f60c3c6848f7f6ad8aaf4ca5e0a572984e139beb469af5cdff9619b7bce120,3776358,86400,86400,1668470400000,1668556799000,200,Thu, 13 Apr 2023 10:23:40 GMT,7eea0951d47cbc123aa84212b2fbd44f,AmazonS3,application/zip,3776358,Miss from cloudfront,pckIUBKMxR1QIE4qQhmwF3b7XaglK8bA24N4jBK6LGRcL2Zqt9TLgw==
0,2022-11-14,1s,e2dea1acee642186ea64ceb79529a9e8f598583599249987f5f38c3c0d2f6e21,0b4d8eac91165dd9dc98ed6394c63e0d8d86bbe82e48890bb3c9596310e6ee70,3838910,86400,86400,1668384000000,1668470399000,200,Thu, 13 Apr 2023 10:24:12 GMT,0e5e157ec6773309cb3a3b4b6c4b9459,AmazonS3,application/zip,3838910,Miss from cloudfront,F3YlcKj-V0jN6n68mKMC2nD41MsbKuXrLwmQxye4rCBCvyPJu3gi3A==
0,2022-11-13,1s,9f8a28623a5382d5de463190152a8cdb49ec87cf0d351fad1f65e4d536eac7ce,266878cca2593f759d735b08547967c2c162c035d5068035a950f14fc98d36fc,3695154,86400,86400,1668297600000,1668383999000,200,Thu, 13 Apr 2023 10:24:10 GMT,b066e5bbcba30ea840e05c0aa30b02b7,AmazonS3,application/zip,3695154,Miss from cloudfront,K1KOwq-jSghMPr2ar-9zt2GsFVuGjw3BnKM-f90g-CMpJn1kAcylJQ==
0,2022-11-12,1s,7759c66aa5362ea638da72a2842ef1c50411923c20bcbdcfdd2ed13b29863cd8,90355f7304e8379efbedb342b679007e395cbbb4011f1daf47f8903c0ea08b62,3663904,86400,86400,1668211200000,1668297599000,200,Thu, 13 Apr 2023 10:23:43 GMT,5c481a0f2e120de04f41729b8c0fc92d,AmazonS3,application/zip,3663904,Miss from cloudfront,2ZFglmb2wWMAaU1CUfGrdaOE_L2YVtOSKBMY2_IXxoDNsSfDVQy4hA==
0,2022-11-11,1s,a88cadbf3ec0414e3a6bbcfa052235334cb6afeb5e874fa4d9d43575892b0649,aab812143846b0dc808bd0a0a72082a0efa293f0f85a4851fb0437e0c9b725c9,3878350,86400,86400,1668124800000,1668211199000,200,Thu, 13 Apr 2023 10:25:33 GMT,d3ab1382aeba4e221db74e584907803f,AmazonS3,application/zip,3878350,Miss from cloudfront,YGeSoqy8-c9HZmFslkbpzi-LhGY1rtGgLCVYUciP4nBAqjmc2Fw8iw==
0,2022-11-10,1s,136302807d6a27aca9ca55f559a339e6104776b5f3673251874e6f487a75cc02,1f2cd9121fb5c60f9fd26ade3f9bb49e4036f148a29f39ff11d35c53b63ff33d,3956947,86400,86400,1668038400000,1668124799000,200,Thu, 13 Apr 2023 10:24:34 GMT,567f88fa212caedff440fa3559bbabd6,AmazonS3,application/zip,3956947,Miss from cloudfront,BjzRetEWIIWU7MURaR_J6Z6TsIrn47KfndAJQvw5Qdwr6_XN6isDtg==
0,2022-11-09,1s,4ee1e0db63b40c9f159121c28f311df29bc09990f5318c57294b886f358cab9c,776bec1016607318670d4355d5ee5fa688768d3f63f6835b7d45bb174fd4ac17,3991196,86400,86400,1667952000000,1668038399000,200,Thu, 13 Apr 2023 10:25:44 GMT,2e02f83d07294b907f34c0ece25a913a,AmazonS3,application/zip,3991196,Miss from cloudfront,X3TGINNql-uZc4AFOi_SPCrdwgdrhu54wgipIruhx9yF4Pasdc85tA==
0,2022-11-08,1s,387d92c09205250e548e6310f5e7f4a536b6deddd18dc97a768d0adfeccc13e5,4e18212cf5b9d4c2a1162f0e03e20670005c4d5b2f75771680d8c770f97ba9c7,3936980,86400,86400,1667865600000,1667951999000,200,Thu, 13 Apr 2023 10:25:04 GMT,5722605a1e3410a36c8cd9ce4e32e253,AmazonS3,application/zip,3936980,Miss from cloudfront,LPbownFy4_GYoDCMUC27H1RcCUTUiKgGeZi57gWWQMSNcbiRbkglIA==
0,2022-11-07,1s,667793932fda822e92ea3dc417adc67d7eb90ec0104ce2ec9432becfcee82b0d,59afcc6827b3df03b61317cad5fc98a59e4d612b4a731539f104de5ac6f30a04,3795127,86400,86400,1667779200000,1667865599000,200,Thu, 13 Apr 2023 10:25:37 GMT,a8ea04d401a83a091ddce50b5cc1b3a5,AmazonS3,application/zip,3795127,Miss from cloudfront,DStvqRXvlE0CieuqhweC__X6fg2Ah8J2uHhojTSXZnXqqsuOU6HGuw==
0,2022-11-06,1s,64875bf2a4eb9f6a614e5fef8d4ec7fd903ad7bc98c335955fbe24ba5df823b0,31572e0787b98ca9b930753cd8a87c072f87a49bb4262a8f85fd33a6e363b698,3618661,86400,86400,1667692800000,1667779199000,200,Thu, 13 Apr 2023 10:25:12 GMT,4d399a4207f2ce5f1c5a0b9c8125cf9a,AmazonS3,application/zip,3618661,Miss from cloudfront,sJmRXfrna5IRU-YtkxWzeoweK3C71UZsNeQWv7O9NYjTWwy1NYPC4Q==
0,2022-11-05,1s,45fd5399b7c46c2e09903d6f679e5619feb19a39faf13e8b98c08c753a32aaf0,515f981a603f61809f6e2d016094bb501dacfd3538551f1c7e8d6395bdfc4e59,3638351,86400,86400,1667606400000,1667692799000,200,Thu, 13 Apr 2023 10:24:06 GMT,69454c0ef5f1c3dc0ad9a6e6bd363298,AmazonS3,application/zip,3638351,Miss from cloudfront,coMU8_da3Yl4RAQryHmzpqvC7lCTeRsedncqaQKcrSg8UZXLZmn1tQ==
0,2022-11-04,1s,26eb5f09dea07bd0f4a50552d27d2cff5a72818f11804cde71f23570bcaba163,cdc1450855e08e9b88acfd367845402cdda25da6586a8256cddd8c30fadd1222,3808062,86400,86400,1667520000000,1667606399000,200,Thu, 13 Apr 2023 10:23:10 GMT,26d47e122a6839d6af99b4b8a5168955,AmazonS3,application/zip,3808062,Miss from cloudfront,KgDjxnHCseTRbzVZ1pCj_XGtAh02LTgT4oeXsRBMCGv4M5IPzke3-Q==
0,2022-11-02,1s,1dea3ac2725c9c550b944b4b30c0263a761fb4162773a638d31b6417f778d189,22249ed3bd14a992239e84b05cb5a1d49176fb28f253840062396bde0da64e3f,3741908,86400,86400,1667347200000,1667433599000,200,Thu, 13 Apr 2023 10:24:08 GMT,939b79c671b9f394360242138cf5cb58,AmazonS3,application/zip,3741908,Miss from cloudfront,p_Co4cw7lqu08Y0dMcz0TewU6ya8V2giZ3AOQiC_pKoLto5IUFkQ0A==
0,2022-11-01,1s,dabe1466ab186219366da67268b25b659088da71b650320761ce12aa659b4396,0d9f6854cb98e71f6ca49ca26cb6868570a37e2384944a605acc41cbdd6600f6,3701630,86400,86400,1667260800000,1667347199000,200,Thu, 13 Apr 2023 10:25:11 GMT,3d83916ed1dbba1b0f967abe76184622,AmazonS3,application/zip,3701630,Miss from cloudfront,3gZEdMJkIIySNf039oR80rERUzw7IbKBgwyU3RVCHlTkRXHK69bMOQ==
0,2022-10-31,1s,03b3dc2c647822489b044c135dd59c599118641b81397e5ffecb8f5a44be8ae7,29100a0aec4e9246c087870206aed172bc36f53871d66fd494efd9a0797959f3,3737534,86400,86400,1667174400000,1667260799000,200,Thu, 13 Apr 2023 10:25:16 GMT,f334961535a6fbd2767f0868297220d4,AmazonS3,application/zip,3737534,Miss from cloudfront,pvoXAim2Mn_Dw5F8vclS5DuPbx-SvWU4qDANQLu6HDTIol1U04efpg==
0,2022-10-30,1s,ab3e368789ddf7c32da45ba7651bcb94c78400836668bb9f7fd24e2ffec40015,a626d368287dc918ef86d5b29a4e459a2fdc5f2bc720f01193b6ec150c2e850a,3633895,86400,86400,1667088000000,1667174399000,200,Thu, 13 Apr 2023 10:24:50 GMT,07b22c7f828837ca76d28f40f536212b,AmazonS3,application/zip,3633895,Miss from cloudfront,OzSl50VMemRS4vTskt9i-iYlheSLX0CCglpH_CZjhYCxXr3Xc5guBw==
0,2022-10-29,1s,09b881a586a9eb16e8687adb40240bdb5f649d19810a25d82a3224a67037bd97,53cc7b182ab1a89e0aa4c4d8bd1eda42bac3eab20faf219be5808d05cd1519dc,3701677,86400,86400,1667001600000,1667087999000,200,Thu, 13 Apr 2023 10:25:51 GMT,61213b8e66a959d1920023b4e4e2317e,AmazonS3,application/zip,3701677,Miss from cloudfront,axUTmCc4DwbQEHPzechhQLzUrmjFzqIgmiruV4a3hiEukPQxgnGtew==
0,2022-10-28,1s,14dde3fa66d82859af67fe0c98001d2b826ab6d76d6ee5251d0f9240a3c9bc31,ebacde270c44b4f8cddc05c47c834a40565e69e60a25e560af4c76d48b684788,3719310,86400,86400,1666915200000,1667001599000,200,Thu, 13 Apr 2023 10:25:00 GMT,5d0c7eed0dcb27a79fe330f1196eb2d2,AmazonS3,application/zip,3719310,Miss from cloudfront,XGEb8n2hvGTtjbmyTb7_STJHVZgzJ6GMMzI1YhpkZw4zl290e_ucfg==
0,2022-10-27,1s,f0c1eb285552fb3bfa15f3b958a4cc2e3014580be2a15bf622cc1e3e788a683b,086427975fe39dfa2b2474e62ec00aa3b42fc59cc35222fa3c8597d6fe0780f5,3773453,86400,86400,1666828800000,1666915199000,200,Thu, 13 Apr 2023 10:25:53 GMT,c15fec8d560e6e061e0d6617d0f4833b,AmazonS3,application/zip,3773453,Miss from cloudfront,r5ZmHkAulGxmrSfsf6ddAvr0P32rAaQ71ytZ66jEIQEmPv1spAv3bQ==
0,2022-10-26,1s,e68e708545d1e8097c97e8c2bb60413ac4c457a46a0889a0067b03f002319a62,7d22e3663f3dc5bac3c84f74592dd7a87b53078de71e55c095a946c18d8e1387,3798494,86400,86400,1666742400000,1666828799000,200,Thu, 13 Apr 2023 10:24:56 GMT,5e8cc0d9d67bd48c4aa6d500ba99f704,AmazonS3,application/zip,3798494,Miss from cloudfront,qhlaeJ310tNxPN7YW7mL4j4chrh47PGE-S3j5Xk6zH6xg-XzqYzGaQ==
0,2022-10-25,1s,5ad9266556a6f5db64e0d9ae5c4c59e036e17d72d23a63eab245755c757fe746,59a157f81e785688e2df9a69defaf4f1880021d34524862449f1ba6b5061c3e8,3707013,86400,86400,1666656000000,1666742399000,200,Thu, 13 Apr 2023 10:23:46 GMT,00ca5d9ed45abd55f01d6081e03b9162,AmazonS3,application/zip,3707013,Miss from cloudfront,qpnLUyBErFTbvtHUteykesoQlNHYCOWo5Uk3rqiQ0-kDUgLdQGqHFw==
0,2022-10-24,1s,c097f7b2b89c8ed07d10aa2588c52f177d44533fb644b8ffeae67072df5f1daa,b2568ad1ca92bc4d7cdae9c18375837fc5e6c7aab176ab59fe4e0fc39b330528,3659988,86400,86400,1666569600000,1666655999000,200,Thu, 13 Apr 2023 10:23:26 GMT,06e6b76f40683d917f59482c39eebded,AmazonS3,application/zip,3659988,Miss from cloudfront,rqY-8h0-PwNUtViMZEoR7EC7jsC5FKd8ZkN9wrEmGr_4k04qw9YCzQ==
0,2022-10-23,1s,1351f4aa892815150f586e978296acf7669fc6f3c78772cff125bc5a62fc877f,ceaa5e97fe52d1ed9c755a4717857106d3a8c7bb628ca0418022022fc00c76b6,3456866,86400,86400,1666483200000,1666569599000,200,Thu, 13 Apr 2023 10:23:23 GMT,068000ec5c01fecbe59af008b5656bad,AmazonS3,application/zip,3456866,Miss from cloudfront,tkhvgauOerUPCu7lu5-6yo_tS8UFRa_qjSWCk9XOs5nRqS_yUFWU0Q==
0,2022-10-22,1s,6ec97f5777aaff478f90f0ef4a2fe6f16af1307fdb2f5ace361183ab4935d589,6ff0a9b1f58160bb2a430b4bc907e6654b1ddbb82da71724e8ccf6bdb18deda7,3379355,86400,86400,1666396800000,1666483199000,200,Thu, 13 Apr 2023 10:23:52 GMT,97fcf515ebe1b59088193a6152d1f1cd,AmazonS3,application/zip,3379355,Miss from cloudfront,eRHHs9iFpNCBYOrggm_CsqlNOi-K5W01wS5OzxiN8-zBu0BzId_suQ==
0,2022-10-21,1s,c77652db9ea7aa789e10e1c5e4547b0b965d0c48ce585ef4aaad1e893ade79f0,67d0d995a42c245d9dea4d80f10805bce2cc8ecaa8815870c7c795212ed9f787,3640980,86400,86400,1666310400000,1666396799000,200,Thu, 13 Apr 2023 10:24:53 GMT,bd6ecc8bb0472258a4f2930459df02f8,AmazonS3,application/zip,3640980,Miss from cloudfront,0tLXygZ_CPSXUrXlHDmaxW3v00rTY3niW4T5qD0WE93tlPzakzPzjA==
0,2022-10-17,1s,d161d76451e301fcb6cba32472c881d1611acdbf24900ad39a92c39af11b69b2,deaa3726276a09a39d42419fbe52697ad04f1dfe758439940d5226c8369091af,3644043,86400,86400,1665964800000,1666051199000,200,Thu, 13 Apr 2023 10:24:07 GMT,e0120b63cc4819083f6c3f68a062579b,AmazonS3,application/zip,3644043,Miss from cloudfront,2pvuZD2DVBot2Uievb9XGmLlJqSsuAENIJ2VReNQuktAKGJ3PadmDw==
0,2022-10-16,1s,0a26fbe522424e85e965329df24b1bc44aa1bf179b8652999ee766734468d3db,5d4aa7f6e4cb5951dcd79641c0446ea0e84fa8a6072df297942737620ae77316,3476718,86400,86400,1665878400000,1665964799000,200,Thu, 13 Apr 2023 10:23:11 GMT,333f0306371f5233563228958303cdba,AmazonS3,application/zip,3476718,Miss from cloudfront,_ICQE3Ebe9WLR-Tp1YyyHVctAPKEKV0RVICJoZ47yvr7pTVBsnGE_A==
0,2022-10-13,1s,ac58d92f128d6c1f97954d63e4c6fa65f31c432c12996d7c853cbf4c56a11f5a,65bf8142a6025180acbf8a7f04bad080c67f19d8d6d56fec4ac62231fdcb191a,3760877,86400,86400,1665619200000,1665705599000,200,Thu, 13 Apr 2023 10:25:09 GMT,d086480612ea302a7d84c4c2dac3a8e3,AmazonS3,application/zip,3760877,Miss from cloudfront,yEcyp0AaKTV6Iz_KbjIr8HB3smyV9bxVO22V-s-Gzp6LpND8HodmAQ==
0,2022-10-10,1s,e511388911f05ecb8aca010e9d7b00e4aab076ff3109ae1f3d47c8bbf0c8e241,1b614a44a483f280648a2d83d2065ad46e5a239ee2c5b1e4c94ecc5416e545c6,3638746,86400,86400,1665360000000,1665446399000,200,Thu, 13 Apr 2023 10:24:07 GMT,7feb4a8c8edffe12c4f427eb291e96ad,AmazonS3,application/zip,3638746,Miss from cloudfront,kvLIXrZfP1SvQuc714rLYmj6T2gAkX7uPNjTlU0aVGM6N19g8i0GoQ==
0,2022-10-03,1s,0b4218c94a9b1e93776dd81a655210009511888c7f77f9946044553fbf29f74c,170ff716adac09311ff7159ef2d00eaf82c25693940235f85760dc1e0c349c60,3720610,86400,86400,1664755200000,1664841599000,200,Thu, 13 Apr 2023 10:25:32 GMT,76104a3e29e40be162be5ef187b2d809,AmazonS3,application/zip,3720610,Miss from cloudfront,zDdh6pQjv272_d9eyv7MfhWlAba8iYqYkl0COyRYky_oVLfQLRerjw==
0,2022-09-30,1s,54ef2da34559d8cc2890abc5e52e21960e3e6f101e16be400e66dbafdf7dc48f,d25729f1b28db96d357d90c437fdbecbf8d5a63928aa9fa2f69dc89fb017655c,3808557,86400,86400,1664496000000,1664582399000,200,Thu, 13 Apr 2023 10:25:14 GMT,7005d83a3a3d682d2f3af485ec9488db,AmazonS3,application/zip,3808557,Miss from cloudfront,oOuQN5oEFJXsLOjCBqgNyvekU_rqm7ImvO15ZxGQRq8_5m-cR6pMvw==
0,2022-09-28,1s,3fb08606ea392d8e529771a5abf5be23d29fb435da4eacf85505a1d8ffb96335,450777b464cdb588866086e49441744be092fe2cf101c8a3efb6d2438876bd87,3877033,86400,86400,1664323200000,1664409599000,200,Thu, 13 Apr 2023 10:24:35 GMT,0916ce41aca9f70a2d4b8975e113998d,AmazonS3,application/zip,3877033,Miss from cloudfront,ucR4loglo63b_wzroQJ6vov5shmA0iVotYTBGTCKjZcogxeLeQyGaA==
0,2022-09-27,1s,b06bcea757a1a8dbc355bb072867aeab57f4eca20f26baea38f3e809caefb52e,15718d3aedd2a7dd643d6066842380fafba39089af4151a0e1b123ea57c1444a,3908431,86400,86400,1664236800000,1664323199000,200,Thu, 13 Apr 2023 10:25:30 GMT,23863d4096029b1f775ae7955ef24692,AmazonS3,application/zip,3908431,Miss from cloudfront,y0FDwuYh32i7nD6fKVM20DtPuq5oyXDQr_nnjB4IYm6Gq3m7OuY5wA==
0,2022-09-17,1s,286c4577244b37ad510faccb43ae2c1fc84e8944e87893dfc3208ef73201c504,14a2e698d0853167bd3bcdaa311ab4048ffd5c47dc90762693f6bdfa675efb90,3656750,86400,86400,1663372800000,1663459199000,200,Thu, 13 Apr 2023 10:24:26 GMT,4b2510b926b34e841dd6ad7e299fd7db,AmazonS3,application/zip,3656750,Miss from cloudfront,NRqSkvuH2osofIfHMQEaTgQClzs0ac90WGXyD9SeTcTE5L6XDltgKA==
0,2022-09-13,1s,76557a92d27cfd3d7729e8dbce61390345e9372333b1945b12b55c8b534e2f7c,40c1ca3cab0a9ba366f89b219ccb85713d3d1dc38177d3024f496fa8e489813a,3873996,86400,86400,1663027200000,1663113599000,200,Thu, 13 Apr 2023 10:24:44 GMT,87a330776922f41926d0ebe44c2833be,AmazonS3,application/zip,3873996,Miss from cloudfront,g08VvqMsU334sHe9GhLM9VjUvjHxITgKn-nG8EJ_LNb4RVKpfeEF5A==
0,2022-09-02,1s,180144b7a706ff4b2eb5431aaea3f3658c24b4745d8cd3e23be7a8d45416b24e,ebdce8d7bcdb1364ef97b3e98301b1c2fe6a6816bd0c6bbca3760292209bfcbe,3737392,86400,86400,1662076800000,1662163199000,200,Thu, 13 Apr 2023 10:24:57 GMT,459d55fefe93a508e2162dc9f7309a31,AmazonS3,application/zip,3737392,Miss from cloudfront,Oh6lkMTxPs2d7pyZ-4GLvaowMjNBw0BKrhwcnQt_ZElgI-MZEcSb2g==
0,2022-09-01,1s,54d07a0a47f4af67a1d02eb4c60b82641fc406eb1647943d769f3ac3992f6c3b,7b4ed565f34fef843587393f2f145a19b76fe24e32d73e1fd0ca8c476043052c,3766198,86400,86400,1661990400000,1662076799000,200,Thu, 13 Apr 2023 10:23:47 GMT,6c1233de20fa825440e5dcc00c5bc0d4,AmazonS3,application/zip,3766198,Miss from cloudfront,UA3QjZCnN5NW_h_KI-hYpw6yqt53iZKucYNHOkudY1buqMigEgNUUQ==
0,2022-08-29,1s,894ea4078afa4900792095923315d86d2989994f050226a772fd3401ec1a1c12,4592b14a4ca0d63aab16671522a94e8155e24cd0327671b78bed643a1bb7bfac,3720349,86400,86400,1661731200000,1661817599000,200,Thu, 13 Apr 2023 10:23:16 GMT,43543026d9eabe45e7c0f15b237e4af9,AmazonS3,application/zip,3720349,Miss from cloudfront,njvw25uvBKM8U5AXgqtQBt_41n5TDCFnBK-wyW7Bu0MvxS6PuoKX9Q==
0,2022-08-27,1s,561bebd37f359a5410a43494bda25dc87cc7f7afead1eb19b8832935e77019dd,72f76680d91e83c1feafa50646d71c3d5e4769a3a2f2355201d1a2389eb6d7a5,3668593,86400,86400,1661558400000,1661644799000,200,Thu, 13 Apr 2023 10:23:09 GMT,3bf5d6256ed73d9a42a44fa7dcabc270,AmazonS3,application/zip,3668593,Miss from cloudfront,fUit49aUBdiT8VvDmFmzRSbBsj0xi6Ej5HjKwm1zBq3fBk4Di9uHuA==
